target,adapter,adp_flag,min_len,max_len,exp_size,adp_act
barcode_1,ATCGGTGAGCCCGGGCTGTCGGCGT...ATATGCCAGCAGGCCGGCCACGCT,-a,0,100,37,--action=trim
barcode_2,ATATGCCAGCAGGCCGGCCACGCT...CGGTGGCCCGGGCGGCCGCACGATG,-a,0,100,37,--action=trim
lacI,CCAATTATTTTTTCCTCCTGGATTA...ATTCACCACCCTGAATTGACTCTCT,-a,900,1300,1083,--action=trim
insulator,ATTCACCACCCTGAATTGACTCTCT...ACTAGCCATCAAGGAGAGCTGCTAC,-a,0,25000,287,--action=lowercase
tetA_1,ACTAGCCATCAAGGAGAGCTGCTAC...AGTGTGTACATCACGCTCTTCAAGA,-a,0,25000,1206,--action=trim
tetA_2,GGTGGGGGTTGAAACGCAATCGAAC...TAACGGCGTAAGGAGGTATTTTTAT,-a,0,25000,1206,--action=trim
YFP_1,AGGATCTAAACAAGAAACGAGTGCC...GGGATACTTTAGTCAATCGTATTGA,-a,0,25000,720,--action=trim
YFP_2,ACCCGTGCTGAAGTTAAATTTGAGG...AAGCGGGAGACCAGAAACAAAAAAA,-a,0,25000,720,--action=trim
KAN_1,TGGGATGGACGAGCTGTATAAATAA...TGCGCTGGCAGTGTTCCTGCGCCGG,-a,0,25000,816,--action=trim
KAN_2,CTGATTCAGGTGAAAATATTGTTGA...TTAATAAGATGATCTTCTTGAGATC,-a,0,25000,816,--action=trim
Ori_1,TTCGTTCCACTGAGCGTCAGACCCC...CACCGGTAAACCGAAAGGCAGGAAC,-a,0,25000,546,--action=trim
Ori_2,CACCGGTAAACCGAAAGGCAGGAAC...CAACATAGTAAGCCAGTATACACTC,-a,0,25000,546,--action=lowercase
empty_1,CTGAGGTCTGCCTCGTGCAGCGAGT...ATCGGTGAGCCCGGGCTGTCGGCGT,-a,0,25000,90,--action=lowercase
empty_2,CGGTGGCCCGGGCGGCCGCACGATG...CCAATTATTTTTTCCTCCTGGATTA,-a,0,25000,131,--action=lowercase
primers,CATCGGTGAGCCCGGGCTGT...ACGATGCGTCCGGCGTAGAGG,-a,0,25000,164,--action=lowercase
empty_4,TCGGTGAGCCCGGGCTGTCGGCGT...ATATGCCAGCAGGCCGGCCACGCT,-a,0,25000,24,--action=lowercase